TimeStamp,Value
02/12/2021 00:00:00,15.135
02/19/2021 00:00:00,15
03/09/2021 00:00:00,15.7
04/15/2021 01:00:00,15.7
04/27/2021 01:00:00,15.875
04/28/2021 01:00:00,15.9
05/21/2021 01:00:00,16.625
05/25/2021 01:00:00,16.6
05/28/2021 01:00:00,16.65
06/15/2021 01:00:00,16.475
07/07/2021 01:00:00,16.3
07/29/2021 01:00:00,17
07/30/2021 01:00:00,16.85
08/03/2021 01:00:00,16.8
08/09/2021 01:00:00,17
08/12/2021 01:00:00,17.6
08/13/2021 01:00:00,17.6
08/17/2021 01:00:00,17.7
08/20/2021 01:00:00,17.525
09/03/2021 01:00:00,18.25
09/03/2021 01:00:00,18.25
09/07/2021 01:00:00,18.175
09/08/2021 01:00:00,18.1
09/13/2021 01:00:00,18.775
09/14/2021 01:00:00,18.95
09/15/2021 01:00:00,19.05
09/16/2021 01:00:00,18.975
09/17/2021 01:00:00,19.22
09/20/2021 01:00:00,19.5
09/21/2021 01:00:00,19.51
09/22/2021 01:00:00,19.55
09/23/2021 01:00:00,19.95
09/24/2021 01:00:00,20.2
09/27/2021 01:00:00,20.675
09/28/2021 01:00:00,20.55
09/29/2021 01:00:00,20.75
09/30/2021 01:00:00,21.2
10/04/2021 01:00:00,21.4
10/04/2021 01:00:00,21.45
10/05/2021 01:00:00,21.65
10/05/2021 01:00:00,21.65
10/06/2021 01:00:00,20.7
10/07/2021 01:00:00,21.24
10/08/2021 01:00:00,21
10/12/2021 01:00:00,21.35
10/13/2021 01:00:00,20.85
10/19/2021 01:00:00,21
10/21/2021 01:00:00,20.7
10/22/2021 01:00:00,20.7
10/25/2021 01:00:00,20.9
10/26/2021 01:00:00,20.875
10/28/2021 01:00:00,20.95
11/01/2021 00:00:00,20.8
11/02/2021 00:00:00,20.7
11/03/2021 00:00:00,20.8
11/03/2021 00:00:00,20.75
11/04/2021 00:00:00,20.3
11/05/2021 00:00:00,20.7
11/09/2021 00:00:00,20.495
11/11/2021 00:00:00,20.4
11/12/2021 00:00:00,20.4
11/16/2021 00:00:00,20.3
11/23/2021 00:00:00,20.5
11/24/2021 00:00:00,20.85
11/25/2021 00:00:00,20.8
11/26/2021 00:00:00,20.75
11/29/2021 00:00:00,21.3
12/01/2021 00:00:00,20.7
12/07/2021 00:00:00,21.35
12/07/2021 00:00:00,21.35
12/08/2021 00:00:00,21.75
12/09/2021 00:00:00,21.5
12/14/2021 00:00:00,21.4
12/16/2021 00:00:00,22.375
12/20/2021 00:00:00,23
12/21/2021 00:00:00,22.95
12/30/2021 00:00:00,21.5
01/05/2022 00:00:00,22.1
01/07/2022 00:00:00,22.475
01/07/2022 00:00:00,23
01/11/2022 00:00:00,22.7
01/12/2022 00:00:00,23.975
01/13/2022 00:00:00,23.9
01/13/2022 00:00:00,23.7
01/14/2022 00:00:00,23.2
01/17/2022 00:00:00,23.4
01/17/2022 00:00:00,23.5
01/18/2022 00:00:00,23.55
01/18/2022 00:00:00,23.5
01/19/2022 00:00:00,22.9
01/20/2022 00:00:00,23
01/21/2022 00:00:00,23.15
01/25/2022 00:00:00,23.25
01/25/2022 00:00:00,23.35
01/26/2022 00:00:00,23.5
01/27/2022 00:00:00,23.6
01/28/2022 00:00:00,23.85
01/28/2022 00:00:00,25
01/31/2022 00:00:00,24.25
01/31/2022 00:00:00,25
02/01/2022 00:00:00,24
02/02/2022 00:00:00,24.2
02/03/2022 00:00:00,23.95
02/04/2022 00:00:00,24.5
02/07/2022 00:00:00,24.7
02/07/2022 00:00:00,24.85
02/08/2022 00:00:00,24.5
02/08/2022 00:00:00,24.7
02/09/2022 00:00:00,24.6
02/10/2022 00:00:00,24.45
02/11/2022 00:00:00,24.65
02/11/2022 00:00:00,24.65
02/14/2022 00:00:00,25.3
02/15/2022 00:00:00,24.8
02/15/2022 00:00:00,24.8
02/16/2022 00:00:00,24.5
02/17/2022 00:00:00,23.7
02/18/2022 00:00:00,24.2
02/18/2022 00:00:00,24.325
02/21/2022 00:00:00,24.3
02/22/2022 00:00:00,24.65
02/23/2022 00:00:00,26
02/24/2022 00:00:00,28.5
02/25/2022 00:00:00,26.5
02/28/2022 00:00:00,25.55
03/01/2022 00:00:00,25.4
03/02/2022 00:00:00,27
03/03/2022 00:00:00,27.7
03/03/2022 00:00:00,24.8
03/04/2022 00:00:00,29
03/10/2022 00:00:00,25
03/11/2022 00:00:00,25
03/15/2022 00:00:00,25.75
03/16/2022 00:00:00,25.2
03/17/2022 00:00:00,25.75
03/22/2022 00:00:00,27.5
03/23/2022 00:00:00,30.8
03/24/2022 00:00:00,30.5
03/25/2022 00:00:00,30
03/29/2022 01:00:00,30
03/30/2022 01:00:00,30.1
04/01/2022 01:00:00,30.25
04/05/2022 01:00:00,33.95
04/06/2022 01:00:00,33.2
04/06/2022 01:00:00,33.3
04/08/2022 01:00:00,34.25
04/11/2022 01:00:00,35.75
04/11/2022 01:00:00,35.75
04/12/2022 01:00:00,36.75
04/12/2022 01:00:00,36.2
04/13/2022 01:00:00,40
04/14/2022 01:00:00,39.8
04/19/2022 01:00:00,40
04/20/2022 01:00:00,41.6
04/21/2022 01:00:00,44.4
04/22/2022 01:00:00,43.5
04/29/2022 01:00:00,38.15
05/03/2022 01:00:00,39.75
05/05/2022 01:00:00,40.45
05/06/2022 01:00:00,40.6
05/09/2022 01:00:00,39
05/10/2022 01:00:00,38.05
05/11/2022 01:00:00,36.75
05/12/2022 01:00:00,36.505
05/12/2022 01:00:00,37
05/13/2022 01:00:00,35.5
05/16/2022 01:00:00,35.15
05/16/2022 01:00:00,35.1
05/17/2022 01:00:00,34.985
05/19/2022 01:00:00,33.15
05/20/2022 01:00:00,33.25
05/23/2022 01:00:00,33.1
05/24/2022 01:00:00,32.995
05/25/2022 01:00:00,33.5
05/26/2022 01:00:00,33.575
05/31/2022 01:00:00,34.65
06/01/2022 01:00:00,34.8
06/06/2022 01:00:00,35.5
06/07/2022 01:00:00,35
06/08/2022 01:00:00,35.5
06/09/2022 01:00:00,35
06/10/2022 01:00:00,35.3
06/13/2022 01:00:00,35.5
06/15/2022 01:00:00,37.3
06/16/2022 01:00:00,37
06/17/2022 01:00:00,35.77
06/20/2022 01:00:00,35.37
06/21/2022 01:00:00,37
06/22/2022 01:00:00,37.05
06/23/2022 01:00:00,37.395
06/24/2022 01:00:00,37.45
06/29/2022 01:00:00,37.5
06/30/2022 01:00:00,37.7
06/30/2022 01:00:00,37.71
07/01/2022 01:00:00,36.77
07/04/2022 01:00:00,39
07/04/2022 01:00:00,39.2
07/05/2022 01:00:00,39.85
07/05/2022 01:00:00,39.1
07/06/2022 01:00:00,39
07/07/2022 01:00:00,39.75
07/08/2022 01:00:00,38.5
07/11/2022 01:00:00,39
07/12/2022 01:00:00,39
07/13/2022 01:00:00,39
07/14/2022 01:00:00,39.025
07/14/2022 01:00:00,39.55
07/15/2022 01:00:00,38.475
07/19/2022 01:00:00,38.5
07/19/2022 01:00:00,38.25
07/20/2022 01:00:00,37.4
07/20/2022 01:00:00,37.3
07/21/2022 01:00:00,38
07/25/2022 01:00:00,40.7
07/26/2022 01:00:00,43.5
07/27/2022 01:00:00,42.2
07/27/2022 01:00:00,42.2
08/01/2022 01:00:00,47
08/02/2022 01:00:00,48.77
08/03/2022 01:00:00,49
08/10/2022 01:00:00,50.4
08/11/2022 01:00:00,53
08/15/2022 01:00:00,56.5
08/16/2022 01:00:00,58.6
08/17/2022 01:00:00,60
08/18/2022 01:00:00,61.5
08/18/2022 01:00:00,60
08/19/2022 01:00:00,64
08/22/2022 01:00:00,74
08/22/2022 01:00:00,72.5
08/24/2022 01:00:00,71.475
08/24/2022 01:00:00,69
08/25/2022 01:00:00,75
08/25/2022 01:00:00,71.75
08/26/2022 01:00:00,79.5
08/30/2022 01:00:00,56
08/31/2022 01:00:00,55.9
09/01/2022 01:00:00,53.8
09/02/2022 01:00:00,48
09/05/2022 01:00:00,52
09/07/2022 01:00:00,52.5
09/07/2022 01:00:00,52.5
09/08/2022 01:00:00,55
09/09/2022 01:00:00,57
09/12/2022 01:00:00,55.6
09/13/2022 01:00:00,52
09/16/2022 01:00:00,48.725
09/20/2022 01:00:00,50
09/21/2022 01:00:00,51.75
09/22/2022 01:00:00,53
09/23/2022 01:00:00,53
09/26/2022 01:00:00,53.8
09/27/2022 01:00:00,58.475
09/29/2022 01:00:00,59.95
09/30/2022 01:00:00,57.25
10/04/2022 01:00:00,57.5
10/05/2022 01:00:00,58
10/06/2022 01:00:00,57.35
10/07/2022 01:00:00,57.5
10/10/2022 01:00:00,57
10/10/2022 01:00:00,56.5
10/14/2022 01:00:00,53.2
10/18/2022 01:00:00,50.65
10/20/2022 01:00:00,47.5
10/24/2022 01:00:00,45.45
10/24/2022 01:00:00,138.35
10/25/2022 01:00:00,44.75
10/25/2022 01:00:00,45.15
10/27/2022 01:00:00,43.25
10/28/2022 01:00:00,44.05
10/31/2022 00:00:00,42.75
11/01/2022 00:00:00,42.25
11/02/2022 00:00:00,43.25
11/02/2022 00:00:00,42.2
11/03/2022 00:00:00,43.5
11/04/2022 00:00:00,41.7
11/07/2022 00:00:00,41.7
11/08/2022 00:00:00,41.8
11/09/2022 00:00:00,41.6
11/10/2022 00:00:00,40.25
11/11/2022 00:00:00,39
11/14/2022 00:00:00,39.25
11/15/2022 00:00:00,39.7
11/16/2022 00:00:00,38.75
11/17/2022 00:00:00,39.65
11/18/2022 00:00:00,39.75
11/21/2022 00:00:00,39.7
11/22/2022 00:00:00,40.475
11/23/2022 00:00:00,40.85
11/24/2022 00:00:00,39.75
11/25/2022 00:00:00,40.5
11/28/2022 00:00:00,41
11/29/2022 00:00:00,41
11/30/2022 00:00:00,41
12/01/2022 00:00:00,41
12/02/2022 00:00:00,40
12/05/2022 00:00:00,40
12/06/2022 00:00:00,40.82
12/07/2022 00:00:00,40.75
12/08/2022 00:00:00,39
12/09/2022 00:00:00,39.7
12/13/2022 00:00:00,39.25
12/14/2022 00:00:00,40
12/15/2022 00:00:00,39.25
12/15/2022 00:00:00,39.75
12/16/2022 00:00:00,37.005
12/19/2022 00:00:00,37.5
12/20/2022 00:00:00,37
12/21/2022 00:00:00,37
12/22/2022 00:00:00,39.5
12/23/2022 00:00:00,41
12/28/2022 00:00:00,42.5
12/29/2022 00:00:00,42.55
12/30/2022 00:00:00,40
01/02/2023 00:00:00,41.75
01/03/2023 00:00:00,41
01/04/2023 00:00:00,40.65
01/04/2023 00:00:00,40.65
01/05/2023 00:00:00,41.7
01/06/2023 00:00:00,42
01/06/2023 00:00:00,41
01/09/2023 00:00:00,42
01/09/2023 00:00:00,42
01/10/2023 00:00:00,41.5
01/10/2023 00:00:00,41.5
01/11/2023 00:00:00,41.5
01/12/2023 00:00:00,41.5
01/12/2023 00:00:00,41.5
01/13/2023 00:00:00,40.5
01/13/2023 00:00:00,40.8
01/16/2023 00:00:00,38.25
01/16/2023 00:00:00,39.65
01/17/2023 00:00:00,38.35
01/17/2023 00:00:00,38.375
01/18/2023 00:00:00,39
01/18/2023 00:00:00,38.8
01/19/2023 00:00:00,39
01/19/2023 00:00:00,38.8
01/20/2023 00:00:00,39.1
01/20/2023 00:00:00,39.1
01/23/2023 00:00:00,38.25
01/23/2023 00:00:00,38.25
01/24/2023 00:00:00,38.25
01/24/2023 00:00:00,37.8
01/25/2023 00:00:00,37.175
01/25/2023 00:00:00,37.2
01/26/2023 00:00:00,37
01/26/2023 00:00:00,37.15
01/27/2023 00:00:00,37.3
01/30/2023 00:00:00,37.4
01/31/2023 00:00:00,37.6
01/31/2023 00:00:00,37.6
02/01/2023 00:00:00,37.6
02/01/2023 00:00:00,37.6
02/02/2023 00:00:00,37.3
02/02/2023 00:00:00,37.7
02/03/2023 00:00:00,37.75
02/06/2023 00:00:00,37.5
02/07/2023 00:00:00,37.55
02/08/2023 00:00:00,37.475
02/08/2023 00:00:00,37
02/09/2023 00:00:00,36.9
02/09/2023 00:00:00,37
02/10/2023 00:00:00,36.9
02/13/2023 00:00:00,36.7
02/14/2023 00:00:00,36.9
02/14/2023 00:00:00,37
02/15/2023 00:00:00,37
02/16/2023 00:00:00,36.5
02/16/2023 00:00:00,36.7
02/17/2023 00:00:00,35.7
02/20/2023 00:00:00,35.5
02/20/2023 00:00:00,35.65
02/21/2023 00:00:00,34.9
02/22/2023 00:00:00,34.8
02/23/2023 00:00:00,34.855
02/23/2023 00:00:00,34.9
02/24/2023 00:00:00,35.05
02/24/2023 00:00:00,35.15
02/27/2023 00:00:00,33.75
02/27/2023 00:00:00,34.7
02/28/2023 00:00:00,34.15
02/28/2023 00:00:00,34.45
03/01/2023 00:00:00,34.6
03/01/2023 00:00:00,33.5
03/02/2023 00:00:00,33.6
03/02/2023 00:00:00,33.8
03/03/2023 00:00:00,33.15
03/03/2023 00:00:00,33.2
03/06/2023 00:00:00,31.95
03/06/2023 00:00:00,32.4
03/07/2023 00:00:00,32
03/07/2023 00:00:00,32.4
03/08/2023 00:00:00,32.05
03/08/2023 00:00:00,32.8
03/09/2023 00:00:00,31.8
03/09/2023 00:00:00,34
03/10/2023 00:00:00,35.13
03/13/2023 00:00:00,34.45
03/14/2023 00:00:00,33.7
03/14/2023 00:00:00,32.375
03/15/2023 00:00:00,32.3
03/15/2023 00:00:00,32.5
03/16/2023 00:00:00,32.8
03/17/2023 00:00:00,32.4
03/20/2023 00:00:00,31.95
03/20/2023 00:00:00,32.1
03/21/2023 00:00:00,33.2
03/21/2023 00:00:00,32.55
03/22/2023 00:00:00,32.25
03/23/2023 00:00:00,33
03/24/2023 00:00:00,32.55
03/27/2023 01:00:00,33.2
03/28/2023 01:00:00,33.15
03/28/2023 01:00:00,33.75
03/29/2023 01:00:00,33.725
03/30/2023 01:00:00,34.5
03/30/2023 01:00:00,34.55
03/31/2023 01:00:00,36.8
04/03/2023 01:00:00,38.25
04/03/2023 01:00:00,38
04/04/2023 01:00:00,37.65
04/04/2023 01:00:00,37.05
04/05/2023 01:00:00,36
04/06/2023 01:00:00,35.7
04/11/2023 01:00:00,37.5
04/12/2023 01:00:00,37.8
04/13/2023 01:00:00,36.8
04/13/2023 01:00:00,37.5
04/14/2023 01:00:00,37
04/17/2023 01:00:00,37.6
04/18/2023 01:00:00,37.875
04/19/2023 01:00:00,37.3
04/19/2023 01:00:00,37.8
04/20/2023 01:00:00,37.55
04/21/2023 01:00:00,37.7
04/24/2023 01:00:00,37.5
04/25/2023 01:00:00,37.6
04/26/2023 01:00:00,38.3
04/26/2023 01:00:00,37.3
04/27/2023 01:00:00,39
04/28/2023 01:00:00,38.95
04/28/2023 01:00:00,40
05/02/2023 01:00:00,37.7
05/02/2023 01:00:00,38.55
05/03/2023 01:00:00,37.5
05/04/2023 01:00:00,37.7
05/04/2023 01:00:00,37.55
05/05/2023 01:00:00,37.6
05/08/2023 01:00:00,38
05/09/2023 01:00:00,38.4
05/10/2023 01:00:00,38.25
05/10/2023 01:00:00,38.65
05/11/2023 01:00:00,38.25
05/12/2023 01:00:00,38
05/12/2023 01:00:00,37.65
05/15/2023 01:00:00,37.5
05/15/2023 01:00:00,37.65
05/16/2023 01:00:00,36.9
05/16/2023 01:00:00,36.8
05/17/2023 01:00:00,37.5
05/17/2023 01:00:00,37.65
05/18/2023 01:00:00,36.5
05/18/2023 01:00:00,36.5
05/19/2023 01:00:00,35.8
05/19/2023 01:00:00,35.64
05/22/2023 01:00:00,35.4
05/23/2023 01:00:00,35.6
05/24/2023 01:00:00,35.3
05/25/2023 01:00:00,34.15
05/26/2023 01:00:00,33.7
05/26/2023 01:00:00,33.65
05/30/2023 01:00:00,33.45
05/31/2023 01:00:00,34.375
06/01/2023 01:00:00,33.45
06/02/2023 01:00:00,33.4
06/05/2023 01:00:00,35
06/06/2023 01:00:00,34.05
06/06/2023 01:00:00,34.15
06/07/2023 01:00:00,34.725
06/07/2023 01:00:00,34.7
06/08/2023 01:00:00,34.9
06/08/2023 01:00:00,34.5
06/09/2023 01:00:00,36.45
06/09/2023 01:00:00,36.4
06/12/2023 01:00:00,34
06/12/2023 01:00:00,35.85
06/13/2023 01:00:00,36.3
06/13/2023 01:00:00,35.5
06/14/2023 01:00:00,37
06/14/2023 01:00:00,37.2
06/15/2023 01:00:00,36.99
06/16/2023 01:00:00,35.75
06/16/2023 01:00:00,35.7
06/19/2023 01:00:00,35.55
06/20/2023 01:00:00,36
06/21/2023 01:00:00,34.5
06/22/2023 01:00:00,33.4
06/23/2023 01:00:00,32.725
06/26/2023 01:00:00,31.7
06/27/2023 01:00:00,33.05
06/28/2023 01:00:00,32.85
06/28/2023 01:00:00,32.8
06/29/2023 01:00:00,32.8
06/29/2023 01:00:00,34
06/30/2023 01:00:00,33.5
06/30/2023 01:00:00,34.9
07/03/2023 01:00:00,34.5
07/04/2023 01:00:00,34.6
07/04/2023 01:00:00,34.7
07/05/2023 01:00:00,36
07/06/2023 01:00:00,35.7
07/06/2023 01:00:00,36
07/07/2023 01:00:00,36
07/07/2023 01:00:00,36.1
07/10/2023 01:00:00,34.78
07/10/2023 01:00:00,33.45
07/11/2023 01:00:00,33
07/11/2023 01:00:00,33.5
07/12/2023 01:00:00,33
07/12/2023 01:00:00,33.4
07/13/2023 01:00:00,34.1
07/14/2023 01:00:00,34.6
07/17/2023 01:00:00,35
07/18/2023 01:00:00,35.5
07/18/2023 01:00:00,35.6
07/19/2023 01:00:00,36.2
07/20/2023 01:00:00,37.025
07/21/2023 01:00:00,36.85
07/24/2023 01:00:00,37.5
07/25/2023 01:00:00,37.6
07/26/2023 01:00:00,36.9
07/26/2023 01:00:00,36.65
07/27/2023 01:00:00,36.7
07/28/2023 01:00:00,36.1
07/28/2023 01:00:00,36.3
07/31/2023 01:00:00,35.965
07/31/2023 01:00:00,36.35
08/01/2023 01:00:00,36
08/02/2023 01:00:00,35.75
08/02/2023 01:00:00,36.4
08/03/2023 01:00:00,36.35
08/03/2023 01:00:00,36.5
08/04/2023 01:00:00,36
08/04/2023 01:00:00,36.3
08/07/2023 01:00:00,36.5
08/08/2023 01:00:00,36.75
08/09/2023 01:00:00,37.1
08/10/2023 01:00:00,36.75
08/10/2023 01:00:00,36.95
08/11/2023 01:00:00,37
08/11/2023 01:00:00,37
08/14/2023 01:00:00,37.18
08/15/2023 01:00:00,38
08/15/2023 01:00:00,38
08/16/2023 01:00:00,37.75
08/16/2023 01:00:00,37.95
08/17/2023 01:00:00,38
08/18/2023 01:00:00,38.5
08/21/2023 01:00:00,38.2
08/22/2023 01:00:00,38
08/23/2023 01:00:00,37.5
08/24/2023 01:00:00,36.75
08/25/2023 01:00:00,37.05
08/29/2023 01:00:00,37.85
08/30/2023 01:00:00,38.05
08/31/2023 01:00:00,38
09/01/2023 01:00:00,38.65
09/01/2023 01:00:00,39
09/04/2023 01:00:00,38.35
09/05/2023 01:00:00,39.05
09/05/2023 01:00:00,38.75
09/06/2023 01:00:00,38.55
09/07/2023 01:00:00,38.8
09/08/2023 01:00:00,39.5
09/11/2023 01:00:00,39.95
09/11/2023 01:00:00,39.8
09/12/2023 01:00:00,39.4
09/12/2023 01:00:00,39.5
09/13/2023 01:00:00,40.05
09/14/2023 01:00:00,39.55
09/14/2023 01:00:00,39.5
09/15/2023 01:00:00,39.525
09/18/2023 01:00:00,38.9
09/19/2023 01:00:00,38.95
09/19/2023 01:00:00,38.9
09/20/2023 01:00:00,38.5
09/20/2023 01:00:00,38.4
09/21/2023 01:00:00,37.8
09/21/2023 01:00:00,38.4
09/22/2023 01:00:00,38.15
09/25/2023 01:00:00,38.5
09/26/2023 01:00:00,37.575
09/26/2023 01:00:00,37.7
09/27/2023 01:00:00,37.4
09/27/2023 01:00:00,37.4
09/28/2023 01:00:00,37.35
09/29/2023 01:00:00,37.35
10/02/2023 01:00:00,36.75
10/02/2023 01:00:00,36.875
10/03/2023 01:00:00,35.5
10/03/2023 01:00:00,35.575
10/04/2023 01:00:00,35.8
10/04/2023 01:00:00,35.8
10/05/2023 01:00:00,35.7
10/05/2023 01:00:00,35.6
10/06/2023 01:00:00,36.05
10/06/2023 01:00:00,36.1
10/09/2023 01:00:00,37.5
10/09/2023 01:00:00,37.55
10/10/2023 01:00:00,38.3
10/10/2023 01:00:00,38.5
10/11/2023 01:00:00,38.1
10/11/2023 01:00:00,37.64
10/12/2023 01:00:00,38.45
10/12/2023 01:00:00,38.55
10/13/2023 01:00:00,38.5
10/13/2023 01:00:00,38.4
10/16/2023 01:00:00,37.15
10/16/2023 01:00:00,37.5
10/17/2023 01:00:00,37.1
10/17/2023 01:00:00,36.85
10/18/2023 01:00:00,37.65
10/18/2023 01:00:00,37.695
10/19/2023 01:00:00,37.525
10/19/2023 01:00:00,37.525
10/20/2023 01:00:00,37.5
10/20/2023 01:00:00,37.98
10/23/2023 01:00:00,38.3
10/23/2023 01:00:00,37.2
10/24/2023 01:00:00,37.65
10/25/2023 01:00:00,38
10/25/2023 01:00:00,37.765
10/26/2023 01:00:00,38.15
10/26/2023 01:00:00,38
10/27/2023 01:00:00,38.15
10/27/2023 01:00:00,38
10/30/2023 00:00:00,37.875
10/31/2023 00:00:00,37.2
10/31/2023 00:00:00,36.7
11/01/2023 00:00:00,37
11/01/2023 00:00:00,36.65
11/02/2023 00:00:00,36.7
11/02/2023 00:00:00,37.1
11/03/2023 00:00:00,37.495
11/03/2023 00:00:00,37.45
11/06/2023 00:00:00,36.3
11/06/2023 00:00:00,36.8
11/07/2023 00:00:00,36.8
11/07/2023 00:00:00,36.75
11/08/2023 00:00:00,36.8
11/08/2023 00:00:00,36.8
11/09/2023 00:00:00,37.5
11/10/2023 00:00:00,36.65
11/10/2023 00:00:00,36.875
11/13/2023 00:00:00,36.8
11/13/2023 00:00:00,36.65
11/14/2023 00:00:00,36.9
11/15/2023 00:00:00,36.9
11/16/2023 00:00:00,36.8
11/16/2023 00:00:00,36.81
11/17/2023 00:00:00,36.85
11/17/2023 00:00:00,36.975
11/20/2023 00:00:00,36.85
11/21/2023 00:00:00,36.5
11/21/2023 00:00:00,36.7
11/22/2023 00:00:00,36.65
11/22/2023 00:00:00,36.7
11/23/2023 00:00:00,37
11/24/2023 00:00:00,37.05
11/24/2023 00:00:00,37
11/27/2023 00:00:00,36.65
11/27/2023 00:00:00,36.445
11/28/2023 00:00:00,36.25
11/28/2023 00:00:00,35.95
11/29/2023 00:00:00,34.7
11/29/2023 00:00:00,35.02
11/30/2023 00:00:00,35.5
11/30/2023 00:00:00,35.625
12/01/2023 00:00:00,36.2
12/01/2023 00:00:00,35.9
12/04/2023 00:00:00,35.8
12/04/2023 00:00:00,35.2
12/05/2023 00:00:00,34.3
12/05/2023 00:00:00,35.2
12/06/2023 00:00:00,35
12/06/2023 00:00:00,34.75
12/07/2023 00:00:00,35
12/07/2023 00:00:00,35.2
12/08/2023 00:00:00,34.675
12/08/2023 00:00:00,34.5
12/11/2023 00:00:00,33.6
12/11/2023 00:00:00,33.55
12/12/2023 00:00:00,33.275
12/12/2023 00:00:00,33
12/13/2023 00:00:00,33.5
12/13/2023 00:00:00,33.345
12/14/2023 00:00:00,33.45
12/14/2023 00:00:00,33.05
12/15/2023 00:00:00,32.7
12/15/2023 00:00:00,32.8
12/18/2023 00:00:00,33.4
12/18/2023 00:00:00,33.4
12/19/2023 00:00:00,32.2
12/19/2023 00:00:00,32.115
12/20/2023 00:00:00,32.425
12/20/2023 00:00:00,32
12/21/2023 00:00:00,32.55
12/21/2023 00:00:00,32.2
12/22/2023 00:00:00,32.5
12/27/2023 00:00:00,32.67
12/28/2023 00:00:00,31.995
12/29/2023 00:00:00,31.2
01/02/2024 00:00:00,30
01/02/2024 00:00:00,30.925
01/03/2024 00:00:00,30.625
01/03/2024 00:00:00,31.2
01/04/2024 00:00:00,31.3
01/04/2024 00:00:00,31.125
01/05/2024 00:00:00,31.9
01/05/2024 00:00:00,31.85
01/08/2024 00:00:00,30.6
01/08/2024 00:00:00,30.65
01/09/2024 00:00:00,30.7
01/09/2024 00:00:00,30.51
01/10/2024 00:00:00,30.8
01/10/2024 00:00:00,30.8
01/11/2024 00:00:00,30.55
01/12/2024 00:00:00,30.825
01/15/2024 00:00:00,30.35
01/15/2024 00:00:00,30.075
01/16/2024 00:00:00,30.05
01/16/2024 00:00:00,30.35
01/17/2024 00:00:00,29.05
01/17/2024 00:00:00,29.05
01/18/2024 00:00:00,29.5
01/18/2024 00:00:00,29.45
01/19/2024 00:00:00,29.55
01/22/2024 00:00:00,29.22
01/23/2024 00:00:00,29.25
01/24/2024 00:00:00,29.85
01/24/2024 00:00:00,30
01/25/2024 00:00:00,29.75
01/25/2024 00:00:00,29.65
01/26/2024 00:00:00,29.65
01/26/2024 00:00:00,29.415
01/29/2024 00:00:00,29.575
01/30/2024 00:00:00,29.65
01/30/2024 00:00:00,29.555
01/31/2024 00:00:00,30.35
01/31/2024 00:00:00,29.6
02/01/2024 00:00:00,30.3
02/01/2024 00:00:00,30.27
02/02/2024 00:00:00,30.5
02/05/2024 00:00:00,29.95
02/05/2024 00:00:00,29.525
02/06/2024 00:00:00,29.6
02/06/2024 00:00:00,29.3
02/07/2024 00:00:00,29.1
02/08/2024 00:00:00,28.55
02/08/2024 00:00:00,28.645
02/09/2024 00:00:00,27.75
02/09/2024 00:00:00,27.84
02/12/2024 00:00:00,27.575
02/12/2024 00:00:00,27.5
02/13/2024 00:00:00,27.675
02/14/2024 00:00:00,27.45
02/14/2024 00:00:00,27.4
02/15/2024 00:00:00,27.405
02/15/2024 00:00:00,27.45
02/16/2024 00:00:00,27.6
02/16/2024 00:00:00,27.5
02/19/2024 00:00:00,26.93
02/19/2024 00:00:00,26.9
02/20/2024 00:00:00,27.2
02/21/2024 00:00:00,27.3
02/21/2024 00:00:00,27.4
02/22/2024 00:00:00,26.825
02/22/2024 00:00:00,27.33
02/23/2024 00:00:00,26.6
02/23/2024 00:00:00,26.65
02/26/2024 00:00:00,26.86
02/26/2024 00:00:00,26.7
02/27/2024 00:00:00,27.505
02/27/2024 00:00:00,27.475
02/28/2024 00:00:00,28.3
02/29/2024 00:00:00,28.4
03/01/2024 00:00:00,28.5
03/01/2024 00:00:00,28.5
03/04/2024 00:00:00,28.75
03/04/2024 00:00:00,28.73
03/05/2024 00:00:00,29.03
03/05/2024 00:00:00,29.3
03/06/2024 00:00:00,28.75
03/07/2024 00:00:00,28.775
03/08/2024 00:00:00,28.7
03/11/2024 00:00:00,27.75
03/12/2024 00:00:00,27.5
03/12/2024 00:00:00,27.45
03/13/2024 00:00:00,27.3
03/13/2024 00:00:00,27.305
03/14/2024 00:00:00,28.35
03/14/2024 00:00:00,27.3
03/15/2024 00:00:00,28.48
03/18/2024 00:00:00,29.3
03/19/2024 00:00:00,29.3
03/20/2024 00:00:00,28.95
03/20/2024 00:00:00,28.62
03/21/2024 00:00:00,28.3
03/21/2024 00:00:00,28.48
03/22/2024 00:00:00,28.65
03/22/2024 00:00:00,28.77
03/25/2024 00:00:00,29.4
03/25/2024 00:00:00,29.445
03/26/2024 00:00:00,29
03/27/2024 00:00:00,29.1
03/27/2024 00:00:00,29.4
03/28/2024 00:00:00,29
04/02/2024 01:00:00,28.6
04/02/2024 01:00:00,28.4
04/03/2024 01:00:00,28.53
04/03/2024 01:00:00,28.1
04/04/2024 01:00:00,28.75
04/05/2024 01:00:00,29.41
04/08/2024 01:00:00,30.15
04/09/2024 01:00:00,30.3
04/09/2024 01:00:00,30.2
04/10/2024 01:00:00,30.25
04/10/2024 01:00:00,29.9
04/11/2024 01:00:00,31.4
04/11/2024 01:00:00,31.25
04/12/2024 01:00:00,31.7
04/12/2024 01:00:00,31.925
04/15/2024 01:00:00,32.05
04/15/2024 01:00:00,31.6
04/16/2024 01:00:00,32.65
04/16/2024 01:00:00,32.8
04/17/2024 01:00:00,31.35
04/17/2024 01:00:00,32.22
04/18/2024 01:00:00,30.49
04/18/2024 01:00:00,31.45
04/19/2024 01:00:00,30.3
04/19/2024 01:00:00,30.75
04/22/2024 01:00:00,29.65
04/23/2024 01:00:00,29.4
04/23/2024 01:00:00,29.5
04/24/2024 01:00:00,29.25
04/24/2024 01:00:00,29.75
04/25/2024 01:00:00,30.2
04/25/2024 01:00:00,30.3
04/26/2024 01:00:00,29.9
04/26/2024 01:00:00,29.65
04/29/2024 01:00:00,29.035
04/29/2024 01:00:00,29
04/30/2024 01:00:00,29.45
04/30/2024 01:00:00,29.5
05/01/2024 01:00:00,29.1
05/02/2024 01:00:00,30.1
05/02/2024 01:00:00,30.1
05/03/2024 01:00:00,29.65
05/03/2024 01:00:00,29.575
05/06/2024 01:00:00,29.875
05/07/2024 01:00:00,29.55
05/07/2024 01:00:00,29.75
05/08/2024 01:00:00,29.8
05/08/2024 01:00:00,29.615
05/09/2024 01:00:00,30.005
05/09/2024 01:00:00,29.95
05/10/2024 01:00:00,29.75
05/10/2024 01:00:00,30.15
05/13/2024 01:00:00,29.95
05/13/2024 01:00:00,29.575
05/14/2024 01:00:00,30.16
05/14/2024 01:00:00,30.1
05/15/2024 01:00:00,30.175
05/15/2024 01:00:00,30.1
05/16/2024 01:00:00,30.925
05/16/2024 01:00:00,30.85
05/17/2024 01:00:00,30.875
05/17/2024 01:00:00,31.01
05/20/2024 01:00:00,31.25
05/21/2024 01:00:00,31.7
05/21/2024 01:00:00,31.2
05/22/2024 01:00:00,32
05/22/2024 01:00:00,32.55
05/23/2024 01:00:00,33.2
05/23/2024 01:00:00,32.95
05/24/2024 01:00:00,32.15
05/24/2024 01:00:00,32.75
05/27/2024 01:00:00,33.145
05/28/2024 01:00:00,32.55
05/28/2024 01:00:00,32.3
05/29/2024 01:00:00,32.575
05/29/2024 01:00:00,32.55
05/30/2024 01:00:00,32.8
05/31/2024 01:00:00,32.3
06/03/2024 01:00:00,32.475
06/03/2024 01:00:00,32.5
06/04/2024 01:00:00,31.85
06/04/2024 01:00:00,31.525
06/05/2024 01:00:00,31.15
06/05/2024 01:00:00,31.15
06/06/2024 01:00:00,31.1
06/07/2024 01:00:00,31.25
06/07/2024 01:00:00,31
06/10/2024 01:00:00,31.275
06/10/2024 01:00:00,31.83
06/11/2024 01:00:00,31.95
06/11/2024 01:00:00,31.85
06/12/2024 01:00:00,32.435
06/12/2024 01:00:00,32.2
06/13/2024 01:00:00,32.615
06/14/2024 01:00:00,32.33
06/17/2024 01:00:00,32.175
06/17/2024 01:00:00,32.25
06/18/2024 01:00:00,32.4
06/18/2024 01:00:00,32.4
06/19/2024 01:00:00,33.15
06/19/2024 01:00:00,32.625
06/20/2024 01:00:00,33.275
06/20/2024 01:00:00,33.125
06/21/2024 01:00:00,32.77
06/24/2024 01:00:00,32.825
06/24/2024 01:00:00,32.9
06/25/2024 01:00:00,33
06/25/2024 01:00:00,32.92
06/26/2024 01:00:00,32.5
06/26/2024 01:00:00,32.325
06/27/2024 01:00:00,32.9
06/27/2024 01:00:00,32.95
06/28/2024 01:00:00,33.19
06/28/2024 01:00:00,33.1
07/01/2024 01:00:00,32.95
07/02/2024 01:00:00,33.4
07/02/2024 01:00:00,33.37
07/03/2024 01:00:00,33.2
07/03/2024 01:00:00,33.225
07/04/2024 01:00:00,33.65
07/04/2024 01:00:00,33.5
07/05/2024 01:00:00,33.325
07/08/2024 01:00:00,33.4
07/08/2024 01:00:00,33.025
07/09/2024 01:00:00,32.3
07/10/2024 01:00:00,32.335
07/10/2024 01:00:00,32.35
07/11/2024 01:00:00,32.425
07/11/2024 01:00:00,32.4
07/12/2024 01:00:00,32.85
07/12/2024 01:00:00,32.725
07/15/2024 01:00:00,32.75
07/15/2024 01:00:00,32.7
07/16/2024 01:00:00,33.03
07/16/2024 01:00:00,33.15
07/17/2024 01:00:00,32.79
07/17/2024 01:00:00,32.5
07/18/2024 01:00:00,32.9
07/19/2024 01:00:00,32.9
07/19/2024 01:00:00,32.585
07/22/2024 01:00:00,32.55
07/22/2024 01:00:00,32.615
07/23/2024 01:00:00,32.37
07/23/2024 01:00:00,32.35
07/24/2024 01:00:00,33.2
07/25/2024 01:00:00,32.87
07/25/2024 01:00:00,32.95
07/26/2024 01:00:00,33.095
07/26/2024 01:00:00,33.125
07/29/2024 01:00:00,33.7
07/29/2024 01:00:00,33.5
07/30/2024 01:00:00,33.84
07/30/2024 01:00:00,33.65
07/31/2024 01:00:00,34.2
07/31/2024 01:00:00,34
08/01/2024 01:00:00,34.8
08/02/2024 01:00:00,34.8
08/02/2024 01:00:00,34.745
08/05/2024 01:00:00,34.04
08/05/2024 01:00:00,34.05
08/06/2024 01:00:00,34.315
08/06/2024 01:00:00,34.35
08/07/2024 01:00:00,35.075
08/07/2024 01:00:00,35.325
08/08/2024 01:00:00,35.9
08/08/2024 01:00:00,36.05
08/09/2024 01:00:00,36
08/09/2024 01:00:00,35.965
08/12/2024 01:00:00,35.95
08/12/2024 01:00:00,35.545
08/13/2024 01:00:00,35.325
08/13/2024 01:00:00,35.5
08/14/2024 01:00:00,35.45
08/14/2024 01:00:00,35.45
08/15/2024 01:00:00,35.75
08/15/2024 01:00:00,35.6
08/16/2024 01:00:00,35.75
08/16/2024 01:00:00,35.65
08/19/2024 01:00:00,35.33
08/20/2024 01:00:00,34.575
08/20/2024 01:00:00,34.5
08/21/2024 01:00:00,34.425
08/21/2024 01:00:00,34.58
08/22/2024 01:00:00,34.5
08/22/2024 01:00:00,34.275
08/23/2024 01:00:00,34.5
08/26/2024 01:00:00,35
08/27/2024 01:00:00,35.25
08/27/2024 01:00:00,35.05
08/28/2024 01:00:00,35.025
08/28/2024 01:00:00,35.15
08/29/2024 01:00:00,35.05
08/29/2024 01:00:00,34.73
08/30/2024 01:00:00,35.1
09/02/2024 01:00:00,34.725
09/02/2024 01:00:00,34.75
09/03/2024 01:00:00,34.45
09/03/2024 01:00:00,33.83
09/04/2024 01:00:00,33.1
09/04/2024 01:00:00,33.57
09/05/2024 01:00:00,33.3
09/05/2024 01:00:00,33.25
09/06/2024 01:00:00,33.4
09/06/2024 01:00:00,33.7
09/09/2024 01:00:00,33.3
09/09/2024 01:00:00,33.5
09/10/2024 01:00:00,32.62
09/10/2024 01:00:00,32.37
09/11/2024 01:00:00,32.95
09/11/2024 01:00:00,32.875
09/12/2024 01:00:00,32.375
09/12/2024 01:00:00,32.44
09/13/2024 01:00:00,32.75
09/13/2024 01:00:00,32.625
09/16/2024 01:00:00,33.945
09/16/2024 01:00:00,32.2
09/17/2024 01:00:00,32.85
09/17/2024 01:00:00,35.145
09/18/2024 01:00:00,32.8
09/18/2024 01:00:00,33.1
09/19/2024 01:00:00,31.81
09/19/2024 01:00:00,31.9
09/20/2024 01:00:00,32.45
09/20/2024 01:00:00,32.445
09/23/2024 01:00:00,32.99
09/23/2024 01:00:00,32.48
09/24/2024 01:00:00,32.99
09/24/2024 01:00:00,32.86
09/25/2024 01:00:00,33.1
09/25/2024 01:00:00,33.5
09/26/2024 01:00:00,33.4
09/26/2024 01:00:00,33.225
09/27/2024 01:00:00,33.45
09/27/2024 01:00:00,33.15
09/30/2024 01:00:00,33.55
09/30/2024 01:00:00,33.62
10/01/2024 01:00:00,33.505
10/01/2024 01:00:00,33.5
10/02/2024 01:00:00,33.625
10/02/2024 01:00:00,33.92
10/03/2024 01:00:00,34.1
10/04/2024 01:00:00,34.575
10/04/2024 01:00:00,34.5
10/07/2024 01:00:00,34.51
10/07/2024 01:00:00,34.25
10/08/2024 01:00:00,34.025
10/08/2024 01:00:00,33.615
10/09/2024 01:00:00,33.79
10/09/2024 01:00:00,33.775
10/10/2024 01:00:00,34.4
10/10/2024 01:00:00,34.415
10/11/2024 01:00:00,34.35
10/11/2024 01:00:00,34.3
10/14/2024 01:00:00,34.75
10/14/2024 01:00:00,34.6
10/15/2024 01:00:00,34.45
10/15/2024 01:00:00,34.4
10/16/2024 01:00:00,34.3
10/17/2024 01:00:00,34.23
10/17/2024 01:00:00,34.35
10/18/2024 01:00:00,34.175
10/18/2024 01:00:00,34.045
10/21/2024 01:00:00,34.5
10/21/2024 01:00:00,34.315
10/22/2024 01:00:00,37.4
10/22/2024 01:00:00,35
10/23/2024 01:00:00,35.2
10/23/2024 01:00:00,35.375
10/24/2024 01:00:00,35.675
10/24/2024 01:00:00,35.59
10/25/2024 01:00:00,35.965
10/25/2024 01:00:00,36.075
10/28/2024 00:00:00,35.2
10/28/2024 00:00:00,35.375
10/29/2024 00:00:00,38.08
10/29/2024 00:00:00,35.15
10/30/2024 00:00:00,34.58
10/30/2024 00:00:00,34.45
10/31/2024 00:00:00,33.2
10/31/2024 00:00:00,33.25
11/01/2024 00:00:00,33.38
11/01/2024 00:00:00,33.25
11/04/2024 00:00:00,33.975
11/04/2024 00:00:00,36.55
11/05/2024 00:00:00,33.9
11/05/2024 00:00:00,33.995
11/06/2024 00:00:00,36.6
11/06/2024 00:00:00,34.075
11/07/2024 00:00:00,34.25
11/07/2024 00:00:00,34.25
11/08/2024 00:00:00,37.575
11/08/2024 00:00:00,34.1
11/11/2024 00:00:00,34.25
11/11/2024 00:00:00,34.65
11/12/2024 00:00:00,34.95
11/12/2024 00:00:00,34.65
11/13/2024 00:00:00,34.7
11/13/2024 00:00:00,34.75
11/14/2024 00:00:00,39.18
11/14/2024 00:00:00,35.325
11/15/2024 00:00:00,35.1
11/15/2024 00:00:00,35.15
11/18/2024 00:00:00,35.475
11/18/2024 00:00:00,35.425
11/19/2024 00:00:00,35.45
11/19/2024 00:00:00,39.65
11/20/2024 00:00:00,39.93
11/20/2024 00:00:00,35.35
11/21/2024 00:00:00,41.125
11/21/2024 00:00:00,36.3
11/22/2024 00:00:00,35.555
11/22/2024 00:00:00,40.175
11/25/2024 00:00:00,36.02
11/25/2024 00:00:00,36.1
11/26/2024 00:00:00,35.8
11/26/2024 00:00:00,35.7
11/27/2024 00:00:00,35.55
11/28/2024 00:00:00,35.85
11/28/2024 00:00:00,35.65
11/29/2024 00:00:00,36.275
11/29/2024 00:00:00,36.1
12/02/2024 00:00:00,36.55
12/02/2024 00:00:00,36.5
12/03/2024 00:00:00,36.2
12/03/2024 00:00:00,36.17
12/04/2024 00:00:00,35.85
12/04/2024 00:00:00,40.4
12/05/2024 00:00:00,35.6
12/05/2024 00:00:00,35.55
12/06/2024 00:00:00,35.725
12/06/2024 00:00:00,35.7
12/09/2024 00:00:00,35.445
12/09/2024 00:00:00,35.375
12/10/2024 00:00:00,35.87
12/11/2024 00:00:00,35.895
12/11/2024 00:00:00,35.775
12/12/2024 00:00:00,35.005
12/12/2024 00:00:00,34.97
12/13/2024 00:00:00,34.415
12/13/2024 00:00:00,35.2
12/16/2024 00:00:00,34.05
12/16/2024 00:00:00,33.825
12/17/2024 00:00:00,35.29
12/17/2024 00:00:00,35.15
12/18/2024 00:00:00,34.91
12/18/2024 00:00:00,34.8
12/19/2024 00:00:00,36.15
12/19/2024 00:00:00,35.85
12/20/2024 00:00:00,36.16
12/20/2024 00:00:00,35.6
12/23/2024 00:00:00,36.725
12/23/2024 00:00:00,36.51
12/24/2024 00:00:00,37
12/24/2024 00:00:00,37.16
12/27/2024 00:00:00,37.85
12/27/2024 00:00:00,38.125
12/30/2024 00:00:00,38.215
12/30/2024 00:00:00,38
12/31/2024 00:00:00,38.65
12/31/2024 00:00:00,39.47
01/02/2025 00:00:00,39.6
01/02/2025 00:00:00,39.515
01/03/2025 00:00:00,39.985
01/03/2025 00:00:00,39.64
01/06/2025 00:00:00,39.55
01/06/2025 00:00:00,39
01/07/2025 00:00:00,39.5
01/07/2025 00:00:00,38.77
01/08/2025 00:00:00,39.07
01/08/2025 00:00:00,38
01/09/2025 00:00:00,38.4
01/09/2025 00:00:00,37.9
01/10/2025 00:00:00,38
01/10/2025 00:00:00,38.65
01/13/2025 00:00:00,40.3
01/13/2025 00:00:00,40.425
01/14/2025 00:00:00,40.25
01/14/2025 00:00:00,39.685
01/15/2025 00:00:00,39.8
01/15/2025 00:00:00,39.45
01/16/2025 00:00:00,39.2
01/16/2025 00:00:00,39.14
01/17/2025 00:00:00,40
01/17/2025 00:00:00,39.67
01/20/2025 00:00:00,39.655
01/20/2025 00:00:00,39.9
01/21/2025 00:00:00,40.035
01/21/2025 00:00:00,39.4
01/22/2025 00:00:00,39.525
01/22/2025 00:00:00,38.86
01/23/2025 00:00:00,39.175
01/23/2025 00:00:00,39.2
01/24/2025 00:00:00,39.4
01/24/2025 00:00:00,39.4
01/27/2025 00:00:00,38.5
01/27/2025 00:00:00,38.525
01/28/2025 00:00:00,38.765
01/28/2025 00:00:00,38.9
01/29/2025 00:00:00,39.995
01/29/2025 00:00:00,39.96
01/30/2025 00:00:00,39.75
01/30/2025 00:00:00,39.375
01/31/2025 00:00:00,40.98
01/31/2025 00:00:00,41.15
02/03/2025 00:00:00,41.19
02/03/2025 00:00:00,41
02/04/2025 00:00:00,41.05
02/04/2025 00:00:00,41.15
02/05/2025 00:00:00,41.97
02/05/2025 00:00:00,42.085
02/06/2025 00:00:00,42.7
02/06/2025 00:00:00,42.505
02/07/2025 00:00:00,43.715
02/07/2025 00:00:00,43.35
02/10/2025 00:00:00,44.8
02/10/2025 00:00:00,44.835
02/11/2025 00:00:00,44.715
02/11/2025 00:00:00,44.05
02/12/2025 00:00:00,44.555
02/12/2025 00:00:00,44
02/13/2025 00:00:00,41.135
02/13/2025 00:00:00,40.505
02/14/2025 00:00:00,40.04
02/14/2025 00:00:00,40
02/17/2025 00:00:00,37.48
02/17/2025 00:00:00,38.44
02/18/2025 00:00:00,38.25
02/18/2025 00:00:00,39.4
02/19/2025 00:00:00,37.415
02/19/2025 00:00:00,37.975
02/20/2025 00:00:00,38.725
02/20/2025 00:00:00,38.295
02/21/2025 00:00:00,37.71
02/21/2025 00:00:00,38.375
02/24/2025 00:00:00,38.005
02/24/2025 00:00:00,37.7
02/25/2025 00:00:00,36.1
02/25/2025 00:00:00,36.1
02/26/2025 00:00:00,35.35
02/26/2025 00:00:00,35.325
02/27/2025 00:00:00,37.375
02/27/2025 00:00:00,36.925
02/28/2025 00:00:00,36.975
02/28/2025 00:00:00,36.8
03/03/2025 00:00:00,36.985
03/03/2025 00:00:00,37.5
03/04/2025 00:00:00,35.17
03/04/2025 00:00:00,35.575
03/05/2025 00:00:00,33.65
03/05/2025 00:00:00,34.96
03/06/2025 00:00:00,32.29
03/06/2025 00:00:00,32.2
03/07/2025 00:00:00,33.1
03/07/2025 00:00:00,34.05
03/10/2025 00:00:00,34.275
03/10/2025 00:00:00,34.795
03/11/2025 00:00:00,35.92
03/11/2025 00:00:00,34.965
03/12/2025 00:00:00,34.76
03/12/2025 00:00:00,34.85
03/13/2025 00:00:00,33.455
03/13/2025 00:00:00,35.225
03/14/2025 00:00:00,34.11
03/14/2025 00:00:00,34.15
03/17/2025 00:00:00,33.6
03/17/2025 00:00:00,33.125
03/18/2025 00:00:00,33.3
03/18/2025 00:00:00,33.265
03/19/2025 00:00:00,35.6
03/19/2025 00:00:00,34.35
03/20/2025 00:00:00,35.3
03/20/2025 00:00:00,35.33
03/21/2025 00:00:00,35.595
03/21/2025 00:00:00,36.3
03/24/2025 00:00:00,35.6
03/24/2025 00:00:00,35.85
03/25/2025 00:00:00,34.85
03/25/2025 00:00:00,35.5
03/26/2025 00:00:00,35
03/26/2025 00:00:00,35.125
03/27/2025 00:00:00,35.2
03/27/2025 00:00:00,35.35
03/28/2025 00:00:00,35.05
03/31/2025 01:00:00,35.73
03/31/2025 01:00:00,35.725
04/01/2025 01:00:00,36.9
04/01/2025 01:00:00,35.825
04/02/2025 01:00:00,36.725
04/02/2025 01:00:00,36.21
04/03/2025 01:00:00,34.95
04/03/2025 01:00:00,34.95
04/04/2025 01:00:00,33.25
04/04/2025 01:00:00,33.25
04/07/2025 01:00:00,33.1
04/07/2025 01:00:00,33.2
04/08/2025 01:00:00,33.45
04/08/2025 01:00:00,33.15
04/09/2025 01:00:00,32.38
04/09/2025 01:00:00,32.3
04/10/2025 01:00:00,32
04/10/2025 01:00:00,32.15
04/11/2025 01:00:00,32.42
04/11/2025 01:00:00,32
04/14/2025 01:00:00,32.7
04/14/2025 01:00:00,32.8
04/15/2025 01:00:00,33
04/15/2025 01:00:00,33.4
04/16/2025 01:00:00,33.1
04/16/2025 01:00:00,33.05
04/17/2025 01:00:00,33.355
04/17/2025 01:00:00,29.04
04/22/2025 01:00:00,32.2
04/22/2025 01:00:00,28.37
04/23/2025 01:00:00,28.425
04/23/2025 01:00:00,32.025
04/24/2025 01:00:00,31.95
04/24/2025 01:00:00,31.8
04/25/2025 01:00:00,30.515
04/25/2025 01:00:00,31.28
04/28/2025 01:00:00,30.8
04/28/2025 01:00:00,30.45
04/29/2025 01:00:00,30.695
04/29/2025 01:00:00,30.7
04/30/2025 01:00:00,31.3
04/30/2025 01:00:00,31.47
05/01/2025 01:00:00,31.24
05/02/2025 01:00:00,31.84
05/02/2025 01:00:00,32
05/05/2025 01:00:00,32.29
05/06/2025 01:00:00,33.495
05/06/2025 01:00:00,33.305
05/07/2025 01:00:00,33.4
05/07/2025 01:00:00,33.525
05/08/2025 01:00:00,34.095
05/08/2025 01:00:00,33.775
05/09/2025 01:00:00,33.5
05/09/2025 01:00:00,33.65
05/12/2025 01:00:00,29.8
05/12/2025 01:00:00,34.15
05/13/2025 01:00:00,34.63
05/13/2025 01:00:00,34.3
05/14/2025 01:00:00,33.8
05/14/2025 01:00:00,33.815
05/15/2025 01:00:00,34.135
05/15/2025 01:00:00,34.15
05/16/2025 01:00:00,34.125
05/16/2025 01:00:00,34.375
05/19/2025 01:00:00,33.7
05/19/2025 01:00:00,33.94
05/20/2025 01:00:00,34.9
05/20/2025 01:00:00,35.105
05/21/2025 01:00:00,35.17
05/21/2025 01:00:00,35.525
05/22/2025 01:00:00,34.8
05/22/2025 01:00:00,34.935
05/23/2025 01:00:00,35.35
05/23/2025 01:00:00,35.315
05/26/2025 01:00:00,35.6
05/26/2025 01:00:00,35.5
05/27/2025 01:00:00,35.245
05/27/2025 01:00:00,35.5
05/28/2025 01:00:00,35.25
05/28/2025 01:00:00,35.26
05/29/2025 01:00:00,34.05
05/29/2025 01:00:00,34.24
05/30/2025 01:00:00,33.02
05/30/2025 01:00:00,33.44
06/02/2025 01:00:00,33.845
06/03/2025 01:00:00,34.54
06/03/2025 01:00:00,34.22
06/04/2025 01:00:00,34.525
06/04/2025 01:00:00,34.25
06/05/2025 01:00:00,34.9
06/05/2025 01:00:00,34.94
06/06/2025 01:00:00,35
06/09/2025 01:00:00,34.6
06/09/2025 01:00:00,34.45
06/10/2025 01:00:00,33.855
06/10/2025 01:00:00,33.8
06/11/2025 01:00:00,34.7
06/12/2025 01:00:00,35.09
06/13/2025 01:00:00,35.84
06/13/2025 01:00:00,35.9
06/16/2025 01:00:00,36.1
06/16/2025 01:00:00,36
06/17/2025 01:00:00,37.115
06/17/2025 01:00:00,36.825
06/18/2025 01:00:00,36.975
06/18/2025 01:00:00,37.1
06/19/2025 01:00:00,38.455
06/19/2025 01:00:00,38.75
06/20/2025 01:00:00,38.075
06/20/2025 01:00:00,38.22
06/23/2025 01:00:00,38.05
06/24/2025 01:00:00,34.73
06/24/2025 01:00:00,34.68
06/25/2025 01:00:00,34.92
06/25/2025 01:00:00,34.9
06/26/2025 01:00:00,34.05
06/26/2025 01:00:00,34.12
06/27/2025 01:00:00,34.05
06/27/2025 01:00:00,33.65
06/30/2025 01:00:00,33.4
06/30/2025 01:00:00,33.365
07/01/2025 01:00:00,33.7
07/01/2025 01:00:00,33.35
07/02/2025 01:00:00,33.6
07/02/2025 01:00:00,33.675
07/03/2025 01:00:00,33.87
07/03/2025 01:00:00,33.95
07/04/2025 01:00:00,33.785
07/07/2025 01:00:00,34.15
07/07/2025 01:00:00,34.095
07/08/2025 01:00:00,34.09
07/08/2025 01:00:00,34.325
07/09/2025 01:00:00,34.55
07/09/2025 01:00:00,34.6
07/10/2025 01:00:00,34.7
07/10/2025 01:00:00,34.5
07/11/2025 01:00:00,34.95
07/11/2025 01:00:00,34.75
07/14/2025 01:00:00,35.27
07/14/2025 01:00:00,34.85
07/15/2025 01:00:00,34.5
07/15/2025 01:00:00,34.25
07/16/2025 01:00:00,34.255
07/17/2025 01:00:00,34.335
07/17/2025 01:00:00,34.62
07/18/2025 01:00:00,33.665
07/18/2025 01:00:00,33.72
07/21/2025 01:00:00,33.45
07/21/2025 01:00:00,33.3
07/22/2025 01:00:00,33.2
07/22/2025 01:00:00,33.2
07/23/2025 01:00:00,33.13
07/23/2025 01:00:00,33.13
07/24/2025 01:00:00,33.05
07/24/2025 01:00:00,32.925
07/25/2025 01:00:00,33
07/25/2025 01:00:00,32.95
07/28/2025 01:00:00,33.7
07/28/2025 01:00:00,33.15
07/29/2025 01:00:00,34.55
07/29/2025 01:00:00,34.425
07/30/2025 01:00:00,34.73
07/30/2025 01:00:00,34.625
07/31/2025 01:00:00,34.75
07/31/2025 01:00:00,34.85
08/01/2025 01:00:00,33.845
08/04/2025 01:00:00,34.05
08/05/2025 01:00:00,34.025
08/05/2025 01:00:00,33.93
08/06/2025 01:00:00,33.15
08/06/2025 01:00:00,33.38
08/07/2025 01:00:00,33.12
08/07/2025 01:00:00,32.9
08/08/2025 01:00:00,32.44
08/11/2025 01:00:00,32.975
08/11/2025 01:00:00,32.985
08/12/2025 01:00:00,32.45
08/12/2025 01:00:00,32.625
08/13/2025 01:00:00,32.635
08/13/2025 01:00:00,32.65
08/14/2025 01:00:00,32.4
08/14/2025 01:00:00,32.3
08/15/2025 01:00:00,31.15
08/15/2025 01:00:00,31.25
08/18/2025 01:00:00,31.08
08/18/2025 01:00:00,31.33
08/19/2025 01:00:00,31.25
08/19/2025 01:00:00,31.2
08/20/2025 01:00:00,32.01
08/20/2025 01:00:00,31.86
08/21/2025 01:00:00,32.755
08/21/2025 01:00:00,32.52
08/22/2025 01:00:00,32.73
08/22/2025 01:00:00,32.63
08/25/2025 01:00:00,32.865
08/26/2025 01:00:00,32.445
08/27/2025 01:00:00,32.1
08/27/2025 01:00:00,32.04
08/28/2025 01:00:00,31.515
08/28/2025 01:00:00,30.78
08/29/2025 01:00:00,31.405
08/29/2025 01:00:00,31.26
09/01/2025 01:00:00,31.925
09/01/2025 01:00:00,32.1
09/02/2025 01:00:00,31.78
09/02/2025 01:00:00,31.6
09/03/2025 01:00:00,31.75
09/03/2025 01:00:00,32.1
09/04/2025 01:00:00,32.275
09/04/2025 01:00:00,32.3
09/05/2025 01:00:00,31.84
09/05/2025 01:00:00,31.83
09/08/2025 01:00:00,32.285
09/08/2025 01:00:00,32.49
09/09/2025 01:00:00,32.25
09/09/2025 01:00:00,32.1
09/10/2025 01:00:00,32.63
09/10/2025 01:00:00,32.525
09/11/2025 01:00:00,32.4
09/11/2025 01:00:00,32.06
09/12/2025 01:00:00,31.925
09/12/2025 01:00:00,32.42
09/15/2025 01:00:00,31.96
09/15/2025 01:00:00,32
09/16/2025 01:00:00,32.3
09/16/2025 01:00:00,32.25
09/17/2025 01:00:00,32.25
09/17/2025 01:00:00,32.31
09/18/2025 01:00:00,32.5
09/18/2025 01:00:00,32.4
09/19/2025 01:00:00,32.3
09/19/2025 01:00:00,32.245
09/22/2025 01:00:00,31.8
09/22/2025 01:00:00,31.775
09/23/2025 01:00:00,32.015
09/23/2025 01:00:00,32.08
09/24/2025 01:00:00,32.03
09/24/2025 01:00:00,31.85
09/25/2025 01:00:00,32.15
09/26/2025 01:00:00,32.2
09/26/2025 01:00:00,32.335
09/29/2025 01:00:00,31.8
09/29/2025 01:00:00,31.9
09/30/2025 01:00:00,31.29
09/30/2025 01:00:00,31.25
10/01/2025 01:00:00,31.125
10/01/2025 01:00:00,30.925
10/02/2025 01:00:00,30.9
10/02/2025 01:00:00,31.02
10/03/2025 01:00:00,31.3
10/03/2025 01:00:00,31.19
10/06/2025 01:00:00,32.125
10/06/2025 01:00:00,32.15
10/07/2025 01:00:00,32.21
10/07/2025 01:00:00,29.75
10/08/2025 01:00:00,31.825
10/08/2025 01:00:00,31.89
10/09/2025 01:00:00,31.66
10/09/2025 01:00:00,31.575
10/10/2025 01:00:00,31.175
10/10/2025 01:00:00,31.3
10/13/2025 01:00:00,30.83
10/13/2025 01:00:00,30.925
10/14/2025 01:00:00,30.93
10/14/2025 01:00:00,30.92
10/15/2025 01:00:00,31
10/15/2025 01:00:00,30.925
10/16/2025 01:00:00,31.1
10/16/2025 01:00:00,31.2
10/17/2025 01:00:00,30.84
10/20/2025 01:00:00,30.71
10/20/2025 01:00:00,30.615
10/21/2025 01:00:00,31.09
10/21/2025 01:00:00,31.21
10/22/2025 01:00:00,31.005
10/22/2025 01:00:00,30.975
10/23/2025 01:00:00,31.14
10/23/2025 01:00:00,31.475
10/24/2025 01:00:00,31.18
10/24/2025 01:00:00,31.19
10/27/2025 00:00:00,30.645
10/27/2025 00:00:00,30.6
10/28/2025 00:00:00,30.7
10/28/2025 00:00:00,30.86
10/29/2025 00:00:00,30.85
10/29/2025 00:00:00,30.88
10/30/2025 00:00:00,30.6
10/30/2025 00:00:00,30.65
10/31/2025 00:00:00,30.45
10/31/2025 00:00:00,30.5
11/03/2025 00:00:00,30.91
11/03/2025 00:00:00,30.815
11/04/2025 00:00:00,31.25
11/04/2025 00:00:00,31.175
11/05/2025 00:00:00,30.835
11/05/2025 00:00:00,30.9
11/06/2025 00:00:00,30.895
11/06/2025 00:00:00,30.75
11/07/2025 00:00:00,30.465
11/07/2025 00:00:00,30.58
11/10/2025 00:00:00,30.35
11/10/2025 00:00:00,30.22
11/11/2025 00:00:00,30.36
11/11/2025 00:00:00,30.35
11/12/2025 00:00:00,30.225
11/12/2025 00:00:00,30.175
11/13/2025 00:00:00,29.77
11/13/2025 00:00:00,29.83
11/14/2025 00:00:00,30.155
11/14/2025 00:00:00,30.3
11/17/2025 00:00:00,30.3
11/17/2025 00:00:00,30.34
11/18/2025 00:00:00,30.25
11/18/2025 00:00:00,30.57
11/19/2025 00:00:00,29.88
11/19/2025 00:00:00,29.84
11/20/2025 00:00:00,29.75
11/20/2025 00:00:00,30.15
11/21/2025 00:00:00,29.155
11/21/2025 00:00:00,29.125
11/24/2025 00:00:00,28.99
11/25/2025 00:00:00,28.51
11/25/2025 00:00:00,28.55
11/26/2025 00:00:00,28.4
11/26/2025 00:00:00,28.475
11/27/2025 00:00:00,28.355
11/27/2025 00:00:00,28.35
11/28/2025 00:00:00,28.14
11/28/2025 00:00:00,27.845
12/01/2025 00:00:00,27.6
12/01/2025 00:00:00,27.335
12/02/2025 00:00:00,27.31
12/02/2025 00:00:00,27.415
12/03/2025 00:00:00,27.555
12/03/2025 00:00:00,27.38
12/04/2025 00:00:00,26.8
12/04/2025 00:00:00,26.75
12/05/2025 00:00:00,26.985
12/05/2025 00:00:00,26.9
12/08/2025 00:00:00,26.31
12/08/2025 00:00:00,26.375
12/09/2025 00:00:00,26.775
12/09/2025 00:00:00,26.825
12/10/2025 00:00:00,26.25
12/10/2025 00:00:00,26.16
12/11/2025 00:00:00,26.25
12/11/2025 00:00:00,26.24
12/12/2025 00:00:00,26.69
12/12/2025 00:00:00,26.61
12/15/2025 00:00:00,26.6
12/15/2025 00:00:00,26.225
12/16/2025 00:00:00,26.05
12/17/2025 00:00:00,26.4
12/17/2025 00:00:00,26.35
12/18/2025 00:00:00,26.835
12/18/2025 00:00:00,26.35
12/19/2025 00:00:00,27.11
12/19/2025 00:00:00,27.075
12/22/2025 00:00:00,27
12/22/2025 00:00:00,26.9
12/23/2025 00:00:00,26.975
12/24/2025 00:00:00,27.22
12/29/2025 00:00:00,27.285
12/29/2025 00:00:00,27.295
12/30/2025 00:00:00,26.8
12/30/2025 00:00:00,26.83
